title,company,location,link
Full Stack Developer (80%-100%),onstructive GmbH,"Winterthur, Schweiz",https://stackoverflow.com/jobs/405894
Android Developer - Software Engineer,"JPMorgan Chase Bank, N.A.","New York, NY",https://stackoverflow.com/jobs/461659
Senior Android Application Developer,"JPMorgan Chase Bank, N.A.","Plano, TX",https://stackoverflow.com/jobs/461653
Engineering Manager (f/m/x),PPRO Group,"München, Deutschland",https://stackoverflow.com/jobs/451950
Systems Administrator,trivago N.V.,"Düsseldorf, Germany",https://stackoverflow.com/jobs/451933
Staff Engineer - Backend (m/f/d),Personio,"Munich, Germany",https://stackoverflow.com/jobs/451872
Android? Android!,Smart Refill AB,"Helsingborg, Sweden",https://stackoverflow.com/jobs/451867
Android Developer (m/w/d),Thalia Bücher GmbH,"Berlin, Deutschland",https://stackoverflow.com/jobs/438776
Lead QA Engineer (m/w/d),Thalia Bücher GmbH,"Berlin, Deutschland",https://stackoverflow.com/jobs/438773
Lead iOS/Android developer who loves music,Audiodo,"Malmö, Sweden",https://stackoverflow.com/jobs/406425
Senior Backend Engineer,LeoVegas Mobile Gaming Group,"Växjö, Sweden",https://stackoverflow.com/jobs/451856
Principal Java developer,Jumbo Supermarkets,"Veghel, Netherlands",https://stackoverflow.com/jobs/416073
"Staff Engineer, Android Lead",MasterClass,"San Francisco, CA",https://stackoverflow.com/jobs/406301
Android Developer,Everli,No office location,https://stackoverflow.com/jobs/173378
Android Engineer,Clue,"Berlin, Germany",https://stackoverflow.com/jobs/461338
Fullstack Developer,Hapag-LloydviaHays PLC,"Gdańsk, Poland",https://stackoverflow.com/jobs/406198
Senior Android Engineer (m/f/d,byrd technologies GmbH,"Berlin, Germany",https://stackoverflow.com/jobs/438421
Android Developer (f/m/d),1&1 Mail & Media Applications SE - WEB.DE | GMX | 1&1 | mail.com,"München, Deutschland",https://stackoverflow.com/jobs/438419
Software Engineer - Fullstack,KRY / LIVI,"London, UK",https://stackoverflow.com/jobs/376794
Android Developer,OOZOU,"Bangkok, Thailand",https://stackoverflow.com/jobs/364920
Senior Software Engineer - Location Team,Indeed,"Remote, OR",https://stackoverflow.com/jobs/451046
Senior Software Engineer - SMB | Candidate Platform,Indeed,"Seattle, WA",https://stackoverflow.com/jobs/451045
Staff Software Engineer (Full-Stack) - SMB,Indeed,"Remote, OR",https://stackoverflow.com/jobs/451043
Staff Software Engineer (Full-Stack) - SMB,Indeed,"Vancouver, BC, Canada",https://stackoverflow.com/jobs/451041
Android Engineer - Starling Bank,Starling Bank,"London, UK",https://stackoverflow.com/jobs/244989
Engineering Manager (m/f/x),KI group GmbH,"Munich, Germany",https://stackoverflow.com/jobs/450831
"Full Stack Engineers - Disruptive $6billion SaaS Leader, York",Anaplan,"York, UK",https://stackoverflow.com/jobs/415214
Senior Android Software Developer - Automotive - Munich,Paradox Cat GmbH,"München, Deutschland",https://stackoverflow.com/jobs/181583
Speech Expert - Android Software Developer (m/w/d) - Munich,Paradox Cat GmbH,"München, Deutschland",https://stackoverflow.com/jobs/454674
"Core Java Systematic Trading Algo Developer, VP","JPMorgan Chase Bank, N.A.",Hong Kong,https://stackoverflow.com/jobs/461037
Mobile Architect (f/m/d),1&1 Mail & Media Applications SE - WEB.DE | GMX | 1&1 | mail.com,"München, Deutschland",https://stackoverflow.com/jobs/461024
DevOps Engineer |  £700 a day (IR35) | Build public sector enterprise platforms,The Pensions RegulatorviaHays PLC,No office location,https://stackoverflow.com/jobs/460975
Mobile Developer (iOS + Android),Swissprime Technologies AG,"Horgen, Switzerland",https://stackoverflow.com/jobs/277812
Senior iOS Developer,Moneybox,"London, UK",https://stackoverflow.com/jobs/450813
Senior Android Developer,Moneybox,"London, UK",https://stackoverflow.com/jobs/450812
Senior Software Engineer for Social Fintech Startup in Hamburg,Tomorrow GmbH,"Hamburg, Deutschland",https://stackoverflow.com/jobs/450791
Backend Software Engineer (f/m/x),Healthmetrix,"Berlin, Deutschland",https://stackoverflow.com/jobs/450788
"Software Engineer, Backend",SmartNews,"Shibuya City, Japan",https://stackoverflow.com/jobs/208334
Senior Android Engineer,Audible,"Newark, NJ",https://stackoverflow.com/jobs/460760
"Integrationsarchitekt (m/w), 80-100%",CONCORDIA,"Luzern, Schweiz",https://stackoverflow.com/jobs/460638
"Software Engineer, Android - Remote",Numbrs,No office location,https://stackoverflow.com/jobs/450389
Android Developer (m/f/d),QuickBird Studios GmbH,"Munich, Germany",https://stackoverflow.com/jobs/425400
Senior Backend Engineer (m/w/x) - remote possible,Jimdo,"Hamburg, Germany",https://stackoverflow.com/jobs/435270
"Cloud Developer (nodeJS, AWS, TypeScript) (m/w/d)",immowelt,"Nürnberg, Deutschland",https://stackoverflow.com/jobs/425398
Help us as Senior Android Developer to become the standard for personalized soun,Mimi Hearing Technologies GmbH,"Berlin, Deutschland",https://stackoverflow.com/jobs/442988
Java Software Engineer - FX Services - VP,"JPMorgan Chase Bank, N.A.","London, UK",https://stackoverflow.com/jobs/460494
"Senior Software Engineer, iOS - Core Music Experience",Epidemic Sound AB,"Stockholm, Sweden",https://stackoverflow.com/jobs/450351
Lead (Senior) Engineer (m/f/x) eCommerce Platform (Java SpringBoot MS on GCP),"AVANTGARDE - ""Creating Fans""","München, Deutschland",https://stackoverflow.com/jobs/425377
Route Optimization Engineer (m/f/d),MOIA GmbH,"Hamburg, Deutschland",https://stackoverflow.com/jobs/429661
Java Software Engineering - Associate - FX Services,"JPMorgan Chase Bank, N.A.","London, UK",https://stackoverflow.com/jobs/460400
"Senior Engineers (Java / Kotlin / Rust) - $multi-billion SaaS Leader, York",Anaplan,"York, UK",https://stackoverflow.com/jobs/414271
Product Software Engineer at Mission Driven FinTech,Taptap Send,"New York, NY",https://stackoverflow.com/jobs/460382
Backend Software Engineer at Mission Driven FinTech,Taptap Send,"New York, NY",https://stackoverflow.com/jobs/460383
Senior Backend Developer,Tempo Software,No office location,https://stackoverflow.com/jobs/460279
"Lead & Senior Full-Stack Engineers - Disruptive $multi-billion SaaS Leader, York",Anaplan,"York, UK",https://stackoverflow.com/jobs/414245
Senior Java Engineer,trivago N.V.,"Düsseldorf, Germany",https://stackoverflow.com/jobs/427710
Senior Java Software Engineer,AIR MILES,"Toronto, ON, Canada",https://stackoverflow.com/jobs/394502
Praktikum in der Softwareentwicklung (Java),Senacor Technologies AG,"Hamburg, Deutschland",https://stackoverflow.com/jobs/437556
Praktikum in der Softwareentwicklung (Java),Senacor Technologies AG,"Frankfurt am Main, Deutschland",https://stackoverflow.com/jobs/342937
Praktikum in der Softwareentwicklung (Java),Senacor Technologies AG,"Bonn, Deutschland",https://stackoverflow.com/jobs/342936
Praktikum in der Softwareentwicklung (Java),Senacor Technologies AG,"Berlin, Deutschland",https://stackoverflow.com/jobs/342935
Senior Backend Developer,komoot,"Berlin, Germany",https://stackoverflow.com/jobs/390716
Senior Data Scientist,komoot,"Berlin, Germany",https://stackoverflow.com/jobs/406624
Mobile Software Engineer - iOS,"JPMorgan Chase Bank, N.A.","Columbus, OH",https://stackoverflow.com/jobs/459925
Software Engineer - FX Services - Vice President,"JPMorgan Chase Bank, N.A.","Bournemouth, UK",https://stackoverflow.com/jobs/459843
Software Developer - Android Apps,Esri,"Redlands, CA",https://stackoverflow.com/jobs/383612
Software Engineer Java,Bol.com,"Utrecht, Netherlands",https://stackoverflow.com/jobs/136760
Android Engineer,Bending Spoons,"Milano, Italy",https://stackoverflow.com/jobs/342066
Lead Developer (Java/Kotlin) for our high scalable business app. Legacy hater?,enfore AG / NumberFour AG,"Hamburg, Deutschland",https://stackoverflow.com/jobs/436908
DevOps Engineer / Platform Engineer (m/w/d),vitasystems GmbH,"Mannheim, Deutschland",https://stackoverflow.com/jobs/459601
"Senior – Android Developer, Full-Time Job in Brasov",SkillValue,"Brașov, Romania",https://stackoverflow.com/jobs/394208
Senior Back End Engineer - Java / Kotlin / Python,teckro,"Dublin, Ireland",https://stackoverflow.com/jobs/403329
"Lead Polyglot Software Engineers – TDD, XP, JavaScript",Pragmateam,"Sydney, Australia",https://stackoverflow.com/jobs/459520
"FSP Cleared SWE- Machine Learning, Telework","Engineering Solutions, Inc.","Hanover, MD",https://stackoverflow.com/jobs/424284
iOS Software Engineer,Zuhlke Engineering Ltd,"Manchester, UK",https://stackoverflow.com/jobs/441408
Junior Backend Engineer (f/m/d),Personio,"Madrid, Spain",https://stackoverflow.com/jobs/448561
Senior Data Engineer,Epidemic Sound AB,"Stockholm, Sweden",https://stackoverflow.com/jobs/424237
"Design, build and run enterprise platform solutions in the public sector",The Pensions RegulatorviaHays PLC,"Brighton, UK",https://stackoverflow.com/jobs/449452
Senior Android Developer,Catawiki,"Amsterdam, Netherlands",https://stackoverflow.com/jobs/164326
Senior Backend Engineer (Java / Kotlin) – Mobile Application Development (m|f|x),idealo internet GmbH,"Berlin, Deutschland",https://stackoverflow.com/jobs/449448
Backend Engineer (m/f/d),MobiLab Solutions,"Köln, Germany",https://stackoverflow.com/jobs/424232
Senior Android Developer for our Street Routing Team (m/f/d),MOIA GmbH,"Berlin, Germany",https://stackoverflow.com/jobs/414741
"Android Entwickler (m/w/d)  - Kotlin, Dagger, RxJava, Room - Hamburg",Just Software AG,"Hamburg, Deutschland",https://stackoverflow.com/jobs/449445
Senior Blockchain Engineer / Node.js and Solidity / Remote,CloseCross,No office location,https://stackoverflow.com/jobs/272192
Android Product Engineer that loves UI/UX,coco studios GmbH,"Berlin, Deutschland",https://stackoverflow.com/jobs/436140
"Sr. Director of Engineering, Core Product",MasterClass,"San Francisco, CA",https://stackoverflow.com/jobs/449214
"Director of Engineering, Monetization",MasterClass,"San Francisco, CA",https://stackoverflow.com/jobs/449213
Development Manager,"Emerlyn Technology, LLC",No office location,https://stackoverflow.com/jobs/449211
Back End Engineer (C#/ .NET),Moneybox,"London, UK",https://stackoverflow.com/jobs/413515
Softwareentwickler (m/w/d) Blockchain & DLT – Digital Identity,ING-DiBa AG,"Frankfurt am Main, Deutschland",https://stackoverflow.com/jobs/436895
Mobile Software Engineer,iKhokha,"Durban, South Africa",https://stackoverflow.com/jobs/302223
Android Software Engineer,"JPMorgan Chase Bank, N.A.","San Francisco, CA",https://stackoverflow.com/jobs/458818
Associate,"JPMorgan Chase Bank, N.A.","Plano, TX",https://stackoverflow.com/jobs/458582
"Mobile Software Engineer (iOS, Android)",Aloe Care Health,No office location,https://stackoverflow.com/jobs/401770
Software Engineer (f/m/d) e-commerce,zooplus AG,"München, Germany",https://stackoverflow.com/jobs/401764
Senior Java Developer for our cloud-driven ecommerce software (m/f/d),ePages GmbH,"Hamburg, Germany",https://stackoverflow.com/jobs/128916
Senior Fullstack Developer - Java / Kotlin / Javascript,teckro,"Dublin 2, Ireland",https://stackoverflow.com/jobs/401733
Senior Java Entwickler (m/w/d) mit Begeisterung für die Cloud,Inspire Technologies GmbH,"Sankt Georgen, Deutschland",https://stackoverflow.com/jobs/448300
"Software Engineer, Site Reliability Engineering (SRE)",SmartNews,"Shibuya City, Japan",https://stackoverflow.com/jobs/448299
Fullstack Developer,Flo Energy,Singapore,https://stackoverflow.com/jobs/448287
Senior Software Developer Engineer in Test,eyeo GmbH,No office location,https://stackoverflow.com/jobs/458148
Senior Android Engineer,Babbel (Lesson Nine GmbH),"Berlin, Germany",https://stackoverflow.com/jobs/439961
Senior Sofware Engineer,Mercell Holding AS,"Oslo, Norway",https://stackoverflow.com/jobs/401416
Full Stack Entwickler (m/w/d),STRÖER DIGITAL PUBLISHING GMBHviaHays PLC,"Frankfurt am Main, Deutschland",https://stackoverflow.com/jobs/374100
Android Developer (m/w/d),NanoGiants GmbH,"Düsseldorf, Deutschland",https://stackoverflow.com/jobs/374098
"Manager, Software Development - Core Android",Audible,"Newark, NJ",https://stackoverflow.com/jobs/458250
Senior Java/ Kotlin Developer,Citibank Innovation LabviaHays PLC,"London, UK",https://stackoverflow.com/jobs/341711
Mobile Developer for IoT and Industry 4.0 (ios or android),Concept Reply,"Turin, Italy",https://stackoverflow.com/jobs/341088
Lead Azure Data Engineer | Own a cutting edge platform in the public sector,The Pensions RegulatorviaHays PLC,"Brighton, UK",https://stackoverflow.com/jobs/458146
Native Mobile App Engineer that loves Swift/Kotlin or both,Chalkboard Software Limited,"Manchester, UK",https://stackoverflow.com/jobs/458141
Full Stack Engineer that loves Node/TypeScript/GraphQL to help build our backend,Chalkboard Software Limited,"Manchester, UK",https://stackoverflow.com/jobs/458140
Senior Mobile Engineer,eBay,"London, UK",https://stackoverflow.com/jobs/447897
Senior Backend Developer (d/f/m),eBay,"Kleinmachnow, Germany",https://stackoverflow.com/jobs/447879
(Senior) Android Developer (f/m/diverse),Eurowings Digital GmbH,"Köln, Deutschland",https://stackoverflow.com/jobs/415617
Mobile Quality Engineer,Revance,"Pleasanton, CA",https://stackoverflow.com/jobs/458098
"Senior Security Engineer, Infrastructure",N26,"New York, NY",https://stackoverflow.com/jobs/351326
Android Developer,Onward Search,"New York, NY",https://stackoverflow.com/jobs/457948
Software Fullstack Engineer (m/f/x) onsite or remote (anywhere in Germany or UK),Scalable Capital GmbH,"München, Deutschland",https://stackoverflow.com/jobs/447535
(Junior) Android Engineer (m/f/x) onsite or remote (anywhere in Germany or UK),Scalable Capital GmbH,"München, Deutschland",https://stackoverflow.com/jobs/447534
Java Engineer (m/f/x) onsite or remote (anywhere in Germany or UK),Scalable Capital GmbH,"München, Deutschland",https://stackoverflow.com/jobs/447530
Software Engineer (m/w/d) Functional Programming,REWE Digital GmbH,"Köln, Deutschland",https://stackoverflow.com/jobs/457932
Senior Android Developer (m/f/d) for our Operations Domain,MOIA GmbH,"Hamburg, Germany",https://stackoverflow.com/jobs/422990
Back-End Software Developer - [Remote] - [United States],Crisp,No office location,https://stackoverflow.com/jobs/457918
Principal Mobile Engineer,eBay,"London, UK",https://stackoverflow.com/jobs/447408
Praktikum in der Softwareentwicklung (Java),Senacor Technologies AG,"München, Deutschland",https://stackoverflow.com/jobs/457911
Software Developer,pascom GmbH & Co KG,"Regensburg, Germany",https://stackoverflow.com/jobs/447404
"Senior fullstackutvecklare (Java, .net och/eller node)",Cygni,"Stockholm, Sweden",https://stackoverflow.com/jobs/447405
Fullstack Softwareentwickler – Java / JavaScript (m/w/d),Senacor Technologies AG,"Hamburg, Deutschland",https://stackoverflow.com/jobs/457910
Junior Java Developer (m/w/d),Senacor Technologies AG,"Berlin, Deutschland",https://stackoverflow.com/jobs/457909
Junior Java Developer (m/w/d),Senacor Technologies AG,"München, Deutschland",https://stackoverflow.com/jobs/457908
Senior/ Lead Developer – Java/ JavaScript (m/w/d),Senacor Technologies AG,"Frankfurt am Main, Deutschland",https://stackoverflow.com/jobs/457907
Senior/Lead DevOps Engineer,buildit,"Edinburgh, UK",https://stackoverflow.com/jobs/371765
Senior Android Developer (m/w/d),grandcentrix GmbH,"Köln, Deutschland",https://stackoverflow.com/jobs/339698
Software Engineer,Paf - Games Sport Casino,"Helsinki, Finland",https://stackoverflow.com/jobs/457888
Data Services Software Engineer (Java & Python),IMC Trading,"Amsterdam, Netherlands",https://stackoverflow.com/jobs/447287
Mid Level Android Engineer,Revel Transit Inc,"Brooklyn, NY",https://stackoverflow.com/jobs/434161
Join our Engineering Talent Pool!,Stable Kernel,"Atlanta, GA",https://stackoverflow.com/jobs/424285
Data Engineer (Mid level),Moneybox,"London, UK",https://stackoverflow.com/jobs/422706
Quality Engineer - NYC (Mobile & Automation),N26,"New York, NY",https://stackoverflow.com/jobs/350901
Softwareingenieur (m/w/d),QAware GmbH,"München, Deutschland",https://stackoverflow.com/jobs/339177
Softwareingenieur (m/w/d),QAware GmbH,"Mainz, Deutschland",https://stackoverflow.com/jobs/339169
Android Developer (f/m),Communi5 Technologies GmbH,"Berlin, Germany",https://stackoverflow.com/jobs/415628
Software Developer (m/f/d),Frauscher Sensor Technology,"Sankt Marienkirchen bei Schärding, Austria",https://stackoverflow.com/jobs/457645
Senior PHP Software Engineer (m/f/d) - 100% REMOTE,Joyride GmbH,No office location,https://stackoverflow.com/jobs/457641
Mobile Engineer (Senior Android),Paidy,"Tokyo, Japan",https://stackoverflow.com/jobs/412211
Senior Java & Web developer (remote),Spider Strategies,No office location,https://stackoverflow.com/jobs/434230
Senior Backend Engineer at hyperexponential,Hyperexponential,No office location,https://stackoverflow.com/jobs/457466
Senior Software/ Data Engineer (m/f/x),willhaben internet service GmbH,"Wien, Österreich",https://stackoverflow.com/jobs/457414
(Senior) Android Developer (d/f/m),eBay,"Berlin, Germany",https://stackoverflow.com/jobs/433901
Senior QA Engineer,Mobiquity Europe,"Amsterdam, Netherlands",https://stackoverflow.com/jobs/457388
Hackers wanted - Software Engineers (m/f/d) & Machine Learning Experts (m/f/d),freiheit.com technologies gmbh,"Lissabon, Portugal",https://stackoverflow.com/jobs/254089
Android Developer (m/f/d) - Medical/Health Apps,QuickBird Studios GmbH,"Munich, Germany",https://stackoverflow.com/jobs/403342
"Onsite Senior Full Stack Engineer with a love for React.js, Node.js & Typescript",EverReal GmbH,"München, Deutschland",https://stackoverflow.com/jobs/457385
Senior Angular Developer,Metro Bank (Digital Platform)viaHays PLC,"London, UK",https://stackoverflow.com/jobs/433869
Software-Engineer Mobile Applications / Mobile Developer (m/w/d),BWI GmbH,"Essen, Deutschland",https://stackoverflow.com/jobs/457374
Android Developer,MEGA Limited,No office location,https://stackoverflow.com/jobs/384588
Android Mobile Software Engineer,"JPMorgan Chase Bank, N.A.","Columbus, OH",https://stackoverflow.com/jobs/457293
Java Software Engineer,CloudNC,"London, UK",https://stackoverflow.com/jobs/441786
(Lead) Fullstack Node.js / React.js (m/f/x) - Cloud based marketplace,"AVANTGARDE - ""Creating Fans""","München, Deutschland",https://stackoverflow.com/jobs/433444
"Node.js TypeScript GraphQL Backend (m/f/x,Senior) - Global Webshop Engineering","AVANTGARDE - ""Creating Fans""","München, Deutschland",https://stackoverflow.com/jobs/433443
Junior Mobile Engineer,Zumper,"Providence, RI",https://stackoverflow.com/jobs/446581
Senior Android Engineer at Stocard - The Mobile Wallet /50 Mio users (full-time),Stocard GmbH,"Mannheim, Germany",https://stackoverflow.com/jobs/433433
Engineering Manager,Mercari,"Tokyo, Japan",https://stackoverflow.com/jobs/446534
Software Engineer,Mercari,"Tokyo, Japan",https://stackoverflow.com/jobs/446533
Software Engineer,OVO Group,"Edinburgh, UK",https://stackoverflow.com/jobs/446527
"Software Engineer, Android",valora digital.,"Zürich, Switzerland",https://stackoverflow.com/jobs/446492
"Software Engineer, Android",Asana,"San Francisco, CA",https://stackoverflow.com/jobs/362740
Senior Software Engineer - SMB | Candidate Platform,Indeed,"Vancouver, BC, Canada",https://stackoverflow.com/jobs/433131
Senior Android Engineer,Audible,"Newark, NJ",https://stackoverflow.com/jobs/430800
Android Developer,Maxdoro,"Amersfoort, Netherlands",https://stackoverflow.com/jobs/362636
Hackers wanted - Software Engineers (m/f/d) & Machine Learning Experts (m/f/d),freiheit.com technologies gmbh,"Hamburg, Deutschland",https://stackoverflow.com/jobs/165266
Hackers wanted-Looking for a Senior Developer (m/f/d) with Team Lead Experience!,freiheit.com technologies gmbh,"Hamburg, Deutschland",https://stackoverflow.com/jobs/91520
Hackers wanted-Looking for a Senior Developer (m/f/d) with Team Lead Experience!,freiheit.com technologies gmbh,"Lissabon, Portugal",https://stackoverflow.com/jobs/197741
Mobile Developer Android (m/w/d),REWE Digital GmbH,"Köln, Deutschland",https://stackoverflow.com/jobs/410690
Senior Android Developer with great Web Skills (m/f/d),Gini GmbH,"München, Deutschland",https://stackoverflow.com/jobs/445856
Android Engineer,Simprints Technology Ltd,"Cambridge, UK",https://stackoverflow.com/jobs/425455
Java Mage (m/w/d),Breuninger GmbH & Co.,"Stuttgart, Deutschland",https://stackoverflow.com/jobs/432951
Masonry Cleric (m/w/d),Breuninger GmbH & Co.,"Stuttgart, Deutschland",https://stackoverflow.com/jobs/432954
Android Engineer,Simprints Technology Ltd,"Cambridge, UK",https://stackoverflow.com/jobs/425454
Staff Fullstack Software Engineer,Quizlet,"San Francisco, CA",https://stackoverflow.com/jobs/362367
DevOps Engineer for BAADER Digital,BAADER,"Hamburg, Germany",https://stackoverflow.com/jobs/207067
Senior Front-End Engineer (m/f/d),Lumiform,"Berlin, Germany",https://stackoverflow.com/jobs/456814
Join G2i as a 100% Remote Node Engineer | Fully Remote Position | G2i Collective,G2i Inc,No office location,https://stackoverflow.com/jobs/405883
Principal Staff engineer,FruitStreet Health/CovidMD.com,"San Francisco, CA",https://stackoverflow.com/jobs/383298
Mobile Developer,FruitStreet Health/CovidMD.com,"San Francisco, CA",https://stackoverflow.com/jobs/383297
Senior/Lead Full Stack Engineer,AgEagle Aerial Systems Inc,"Boulder, CO",https://stackoverflow.com/jobs/399413
"iOS Developer (Swift, Kotlin, Git, XCode, Kotlin)",buildit,"Kraków, Poland",https://stackoverflow.com/jobs/298657
"Android Developer (Kotlin, Dagger, Retrofit, RxJava)",buildit,"Kraków, Poland",https://stackoverflow.com/jobs/298617
Senior SDK Mobile Engineer,Voodoo.io,"Paris, France",https://stackoverflow.com/jobs/410365
Team Lead App,Easee,"Stavanger, Norway",https://stackoverflow.com/jobs/431665
Senior Android Engineer (Core Services),Runtastic,"Linz, Austria",https://stackoverflow.com/jobs/456750
DevOps Engineer,BTI360,"Ashburn, VA",https://stackoverflow.com/jobs/410142
Data Engineer,BTI360,"Ashburn, VA",https://stackoverflow.com/jobs/410141
Software Engineer - Search and Discovery Solutions,BTI360,"Ashburn, VA",https://stackoverflow.com/jobs/410140
Praktikum in der Softwareentwicklung (Java),Senacor Technologies AG,"Frankfurt am Main, Deutschland",https://stackoverflow.com/jobs/445054
Senior Software Engineer - Music Distribution,Epidemic Sound AB,"Stockholm, Sweden",https://stackoverflow.com/jobs/388239
Senior Fullstack Engineer (Remote),Web Summit,No office location,https://stackoverflow.com/jobs/417479
Java & Kotlin Program Owner (m/f/d),WBS Gruppe,"Berlin, Deutschland",https://stackoverflow.com/jobs/456527
"Senior Platform Engineer - Disruptive $multi-billion SaaS Leader, York",Anaplan,"York, UK",https://stackoverflow.com/jobs/250727
iOS Engineer,Durstexpress GmbH,"Berlin, Deutschland",https://stackoverflow.com/jobs/364025
Senior Full Stack Developer (Cloud),ALM Works,"Saint Petersburg, Russia",https://stackoverflow.com/jobs/456218
Senior QA Engineer,Durstexpress GmbH,"Berlin, Deutschland",https://stackoverflow.com/jobs/364041
Senior Android Developer,Mobiquity Europe,"Amsterdam, Netherlands",https://stackoverflow.com/jobs/306585
Quality Assurance Engineer (w/m/d),Fielmann AG,"Hamburg, Germany",https://stackoverflow.com/jobs/333763
(Senior) Software Engineer (w/m/d),Fielmann AG,"Hamburg, Germany",https://stackoverflow.com/jobs/333759
Senior Java Integration Developer,Behavox,"Montreal, QC, Canada",https://stackoverflow.com/jobs/456508
Senior Java Developer (Product Team),Behavox,"Montreal, QC, Canada",https://stackoverflow.com/jobs/456506
Ведущий Kotlin разработчик (Cloud),ALM Works,"Saint Petersburg, Russia",https://stackoverflow.com/jobs/444714
Senior Scala Engineer,Blink,"London, UK",https://stackoverflow.com/jobs/456256
Mobile (iOS/Kotlin) Engineering Manager - Vendor Tech (f/m/d),Delivery Hero SE,"Berlin, Germany",https://stackoverflow.com/jobs/456249
Lead Mobile Developer - iOS and Android,CIBC,"Toronto, ON, Canada",https://stackoverflow.com/jobs/409580
DevOps Specialist | Work / life balance and the best benefits in Brighton,The Pensions RegulatorviaHays PLC,"Brighton, UK",https://stackoverflow.com/jobs/456056
React Native Developer,Undefined LLC,"Louisville, KY",https://stackoverflow.com/jobs/455025
Sussex & Surrey Police | Design and build technical solutions for police cars,Sussex & Surrey PoliceviaHays PLC,"Lewes, UK",https://stackoverflow.com/jobs/456049
Senior Android Developer - NYC Team (100% Kotlin),N26,"New York, NY",https://stackoverflow.com/jobs/348002
Freelance: QA Engineer / Test Automation (f/m/d) in Vienna,apsa personnel concepts gmbhviaapsa personnel concepts gmbh,"Wien, Österreich",https://stackoverflow.com/jobs/420091
Senior Android Developer - Tallinn or Helsinki,IDT Finland,No office location,https://stackoverflow.com/jobs/456034
Full Stack Software Engineer,Epidemic Sound AB,"Stockholm, Sweden",https://stackoverflow.com/jobs/241590
Software Architect,Dream Broker,"Helsinki, Finland",https://stackoverflow.com/jobs/422169
Senior Frontend Developer,Mobility Trader GmbH,"Berlin, Germany",https://stackoverflow.com/jobs/409533
Senior Backend Developer,Mobility Trader GmbH,"Berlin, Germany",https://stackoverflow.com/jobs/409530
Software Developer,pascom GmbH & Co KG,"Niš, Serbia",https://stackoverflow.com/jobs/417813
iOs Developer (m/w),Wiener Stadtwerke GmbH,"Wien, Austria",https://stackoverflow.com/jobs/381299
Android Team Lead,Metro Bank (Digital Platform)viaHays PLC,"London, UK",https://stackoverflow.com/jobs/431633
Senior Full Stack / Java Developer,Topic Embedded Systems B.V.,"Eindhoven, Netherlands",https://stackoverflow.com/jobs/335807
Backend Engineer (f/m/d) - Madrid,Personio,"Madrid, Spain",https://stackoverflow.com/jobs/401726
Senior Android Engineer Migros App (w/m/d) 80% - 100%,LeShop,"Zürich, Schweiz",https://stackoverflow.com/jobs/455984
Backend Developer @ MAN Digital Hub,Volkswagen Digital Solutions,"Lisboa, Portugal",https://stackoverflow.com/jobs/420061
Backend Software Engineer - Paylater,Traveloka,"Jakarta, Indonesia",https://stackoverflow.com/jobs/420057
Back-End Software Engineer for Web Solutions (f/m/d),Erste Group,"Wien, Österreich",https://stackoverflow.com/jobs/455923
Sr. Software Engineer (Android),Fractal Technology Labs,"Santa Monica, CA",https://stackoverflow.com/jobs/314689
IOS Chapter Lead,Metro Bank (Digital Platform)viaHays PLC,"London, UK",https://stackoverflow.com/jobs/419694
Angular Team Lead,Metro Bank (Digital Platform)viaHays PLC,"London, UK",https://stackoverflow.com/jobs/419693
IOS Team Lead,Metro Bank (Digital Platform)viaHays PLC,"London, UK",https://stackoverflow.com/jobs/419692
Android Team Lead,Metro Bank (Digital Platform)viaHays PLC,"London, UK",https://stackoverflow.com/jobs/419691
QA Engineer - iOS,ASOS,"London, UK",https://stackoverflow.com/jobs/455791
Angular Chapter Lead,Metro Bank (Digital Platform)viaHays PLC,"London, UK",https://stackoverflow.com/jobs/419689
Mobile Development Team Lead,Octave Group,"Montreal, QC, Canada",https://stackoverflow.com/jobs/455750
Android Developer 안드로이드 개발자,Watcha,"Gangnam-daero, South Korea",https://stackoverflow.com/jobs/397957
Senior Backend Generalist,"Revl, Inc.","San Francisco, CA",https://stackoverflow.com/jobs/199459
Software Developer Android (m/f/d),AnyDesk Software GmbH,"Stuttgart, Germany",https://stackoverflow.com/jobs/430743
Full Stack Developer (f/m/d),Allianz Digital Health GmbH,"München, Deutschland",https://stackoverflow.com/jobs/397823
Senior Software Engineer Java/Kotlin - FinTech (f/m/d),Delivery Hero SE,"Berlin, Germany",https://stackoverflow.com/jobs/419199
Senior Mobile App Developer (m/w/d),Novatec Consulting GmbH,"Leinfelden-Echterdingen, Germany",https://stackoverflow.com/jobs/371590
Senior Software Engineer (m/w/d),Novatec Consulting GmbH,"Berlin, Germany",https://stackoverflow.com/jobs/243483
Senior Software Engineer (m/w/d),Novatec Consulting GmbH,"Zweibrücken, Germany",https://stackoverflow.com/jobs/243449
Senior Software Engineer (m/w/d),Novatec Consulting GmbH,"Leinfelden-Echterdingen, Germany",https://stackoverflow.com/jobs/243427
Lead Android Developer,Hays London City CheapsideviaHays PLC,"London, UK",https://stackoverflow.com/jobs/443034
Front End Web Developer,Xactware,"Lehi, UT",https://stackoverflow.com/jobs/293752
"Android Engineer - Build a Social Network: Blockchain, Real People, Real News",Voice,"Brooklyn, NY",https://stackoverflow.com/jobs/371420
Senior Platform Engineer (m/f/d),Scout24,"Berlin, Deutschland",https://stackoverflow.com/jobs/433863
Senior Backend Engineer (f/m/d) - Madrid,Personio,"Madrid, Spain",https://stackoverflow.com/jobs/294818
Java Developer,Tallence AG,"Hamburg, Deutschland",https://stackoverflow.com/jobs/397538
Senior Backend Engineer - Dublin,Personio,"Dublin, Ireland",https://stackoverflow.com/jobs/403063
iOS Developer,Moneybox,"London, UK",https://stackoverflow.com/jobs/415635
Android Developer,Moneybox,"London, UK",https://stackoverflow.com/jobs/420559
Software Engineer,Gucci,"Firenze, Italy",https://stackoverflow.com/jobs/442990
Elm Developer (f/m/x),Lindenbaum GmbH,"Karlsruhe, Deutschland",https://stackoverflow.com/jobs/359465
Full Stack Engineer (m/f/d),ToolTime GmbH,"Berlin, Germany",https://stackoverflow.com/jobs/442984
Backend Developer /Full-stack,Made People AB,"Stockholm, Sweden",https://stackoverflow.com/jobs/430309
Growth Engineer,Medal.tv,"Long Beach, CA",https://stackoverflow.com/jobs/430168
Senior Android Engineer (Remote OR NYC),Noom,"New York, NY",https://stackoverflow.com/jobs/397344
Mobile Developer (Front End),Ocado Technology,"Hatfield, UK",https://stackoverflow.com/jobs/455254
Senior Android Developer for our Street Routing Team (m/f/d),MOIA GmbH,"Hamburg, Germany",https://stackoverflow.com/jobs/397297
Post-Production Support Developer,Spiria Digital,"Gatineau, QC, Canada",https://stackoverflow.com/jobs/455144
Join G2i as a 100% Remote React Engineer (Native or Web) | Fully Remote Position,G2i Inc,No office location,https://stackoverflow.com/jobs/229077
Lead Android Developer,Metro BankviaHays PLC,"London, UK",https://stackoverflow.com/jobs/455037
Full Stack Tech Lead (Remote),HealthCare.com,No office location,https://stackoverflow.com/jobs/441790
Full Stack Developer Mobile Gaming (m/w/d),Lotum GmbH,"Bad Nauheim, Deutschland",https://stackoverflow.com/jobs/372990
(Senior) Web/Mobile Developer (m/w/d),Lotum GmbH,"Frankfurt am Main, Deutschland",https://stackoverflow.com/jobs/372988
React Native Engineer - JavaScript / TypeScript (m/f/d),ProSiebenSat.1 Media SE,"München, Deutschland",https://stackoverflow.com/jobs/346399
Java Software Engineer,Practichem,No office location,https://stackoverflow.com/jobs/454944
Senior Backend Developer (f/m/d) at the leading provider of data rooms in Europe,Drooms GmbH,"Frankfurt am Main, Deutschland",https://stackoverflow.com/jobs/372347
SENIOR MOBILE DEVELOPER (M/W/D) VOLLZEIT / TEILZEIT,Bayerischer Rundfunk,"München, Deutschland",https://stackoverflow.com/jobs/454984
Mid-Level/Senior Android Engineer - Logistics Vendor (f/m/d),Delivery Hero SE,"Berlin, Germany",https://stackoverflow.com/jobs/454976
Android Entwickler (German speaking),appDev GmbH & Co. KG,"Frankfurt am Main, Germany",https://stackoverflow.com/jobs/332331
Senior Android Engineer,trivago N.V.,"Düsseldorf, Germany",https://stackoverflow.com/jobs/442177
Fullstack Software Engineer (Java) - Hong Kong,Zuhlke Engineering Hongkong,Hong Kong,https://stackoverflow.com/jobs/454966
Senior Fullstack Engineer at fast-growing Multi-Cloud Startup,Meshcloud GmbH,"Frankfurt am Main, Deutschland",https://stackoverflow.com/jobs/156677
Mobile Engineer (Innovation Team),Runtastic,"Linz, Austria",https://stackoverflow.com/jobs/454962
Senior Back-End Developer (SCALA)-Askuity,The Home Depot,"Toronto, ON, Canada",https://stackoverflow.com/jobs/294964
Senior iOS or Android Developer,Small Planet Digital,"Brooklyn, NY",https://stackoverflow.com/jobs/454914
Android Software Engineer,BUX,"Amsterdam, Netherlands",https://stackoverflow.com/jobs/454750
Senior Android Engineer,GooseChase,No office location,https://stackoverflow.com/jobs/454746
Senior Android Developer,Atomic Robot,"Mason, OH",https://stackoverflow.com/jobs/454740
Android Engineer,Spotify,"Stockholm, Sweden",https://stackoverflow.com/jobs/441377
Android Developer,Triple,"Alkmaar, Netherlands",https://stackoverflow.com/jobs/407726
Mobile Developer,Casavo Management SpA,"Milan, Italy",https://stackoverflow.com/jobs/441360
Senior iOS Engineer,GoodNotes,"London, UK",https://stackoverflow.com/jobs/454631
Android Developer (Kotlin),Mustache ApS,"København, Denmark",https://stackoverflow.com/jobs/417598
Senior Android Engineer,eBay,"London Borough of Richmond upon Thames, UK",https://stackoverflow.com/jobs/428589
Scala Developer at fastest growing DC location data startup,X-Mode Social,No office location,https://stackoverflow.com/jobs/454477
Android developer,Volvo Cars,"Gothenburg, Sweden",https://stackoverflow.com/jobs/454463
Front-end/ Mobile Software Engineer,DMG,No office location,https://stackoverflow.com/jobs/428575
iOS Engineer,Starling Bank,"London, UK",https://stackoverflow.com/jobs/365164
Android Engineer,Starling Bank,"London, UK",https://stackoverflow.com/jobs/365167
Flutter Engineer (m/f/d),XAIN AG,"Berlin, Deutschland",https://stackoverflow.com/jobs/454391
Android App Developer,Hays Specialist RecruitmentviaHays PLC,"Adelaide, Australia",https://stackoverflow.com/jobs/453728
Senior Node.js Engineer  - Logistics Vendor (f/m/d),Delivery Hero SE,"Berlin, Germany",https://stackoverflow.com/jobs/391982
Senior Backend Engineer,LeoVegas Mobile Gaming Group,"Newcastle upon Tyne, UK",https://stackoverflow.com/jobs/453439
Senior Backend Engineer (m/f/d),Personio,"München, Germany",https://stackoverflow.com/jobs/273941
Mid-Level/Senior Android Engineer - Consumer Shop (f/m/d),Delivery Hero SE,"Berlin, Germany",https://stackoverflow.com/jobs/417139
Backend Engineer - (m/f/d),Personio,"München, Germany",https://stackoverflow.com/jobs/172315
Senior Android Developer,Tack Mobile,"Denver, CO",https://stackoverflow.com/jobs/357382
Software Engineer- Backend,"Devo Technology, Inc.","Madrid, Spain",https://stackoverflow.com/jobs/416806
"Mobile DevOps Engineer ( CI/CD, Jenkins, Ansible, AWS, Python)",buildit,"Kraków, Poland",https://stackoverflow.com/jobs/427678
Backend developer to build robust systems with Kotlin,Shape A/S,"København, Denmark",https://stackoverflow.com/jobs/370009
Flutter / Android - Entwickler (m/w/d),phellow seven GmbH,"Heidelberg, Deutschland",https://stackoverflow.com/jobs/440234
"Senior Software Engineer, Backend",GoodNotes,"Kowloon, Hong Kong",https://stackoverflow.com/jobs/357179
"Senior Software Engineer, Cross-platform",GoodNotes,"Kowloon, Hong Kong",https://stackoverflow.com/jobs/357176
Android Developer,RTL Nederland,"Hilversum, Netherlands",https://stackoverflow.com/jobs/396092
(Senior) Cloud Engineer (m/w/d),Engel & Völkers Technology GmbH,"Hamburg, Germany",https://stackoverflow.com/jobs/439720
Senior Software Engineer (m/w/d) BackEnd,Engel & Völkers Technology GmbH,"Hamburg, Germany",https://stackoverflow.com/jobs/439717
Android Engineer,Syng,"Los Angeles, CA",https://stackoverflow.com/jobs/355416
Engineering Manager (m/f/d),Personio,"München, Germany",https://stackoverflow.com/jobs/126309
Intermediate Android Engineer,Swift Medical Inc.,No office location,https://stackoverflow.com/jobs/452561
Senior Web Engineer,Bushel,"Fargo, ND",https://stackoverflow.com/jobs/371225
Senior Android Engineer,CommentSold,No office location,https://stackoverflow.com/jobs/452400
Senior/ Lead Developer – Java/ JavaScript (m/w/d),Senacor Technologies AG,"Berlin, Deutschland",https://stackoverflow.com/jobs/439171
Fullstack Softwareentwickler – Java / JavaScript (m/w/d),Senacor Technologies AG,"München, Deutschland",https://stackoverflow.com/jobs/439170
Android エンジニア【フルリモート勤務】,PayPay Corporation.,"Minato City, Japan",https://stackoverflow.com/jobs/292848
Back-end Engineer【Full-Remote work in Japan】,PayPay Corporation.,"Minato City, Japan",https://stackoverflow.com/jobs/291980
Android Engineer【Full-Remote work in Japan】,PayPay Corporation.,"Minato City, Japan",https://stackoverflow.com/jobs/291982
